Year,Tms,#Bat,BatAge,R/G,G,PA,AB,R,H,1B,2B,3B,HR,RBI,SB,CS,BB,SO,BA,OBP,SLG,OPS,TB,GDP,HBP,SH,SF,IBB,BIP,ERA,WHIP,SO9,IF/FB,GO/AO
2024,30,674,28.1,4.42,3404,37.55,33.67,4.42,8.19,5.31,1.61,0.15,1.12,4.22,0.73,0.20,3.08,8.39,0.243,0.312,0.400,0.712,13.46,0.67,0.43,0.10,0.26,0.10,24.42,4.09,1.270,8.5,0.127,1.073
2023,30,765,28.0,4.62,4860,37.88,33.83,4.62,8.40,5.35,1.69,0.15,1.21,4.43,0.72,0.18,3.25,8.61,0.248,0.320,0.414,0.734,14.01,0.71,0.43,0.09,0.25,0.10,24.26,4.33,1.315,8.7,0.127,1.073
2022,30,790,28.2,4.28,4860,37.46,33.63,4.28,8.16,5.33,1.63,0.13,1.07,4.09,0.51,0.17,3.06,8.40,0.243,0.312,0.395,0.706,13.28,0.70,0.42,0.08,0.25,0.10,24.41,3.96,1.266,8.5,0.134,1.054
2021,30,1373,28.4,4.53,4858,37.43,33.33,4.53,8.13,5.15,1.62,0.14,1.22,4.32,0.46,0.15,3.25,8.68,0.244,0.317,0.411,0.728,13.69,0.69,0.43,0.16,0.24,0.14,23.67,4.26,1.297,8.9,0.128,1.107
2020,30,618,28.0,4.65,1796,37.03,32.87,4.65,8.04,5.06,1.57,0.13,1.28,4.44,0.49,0.16,3.39,8.68,0.245,0.322,0.418,0.740,13.73,0.69,0.46,0.07,0.22,0.11,23.13,4.44,1.327,9.1,0.113,1.196
2019,30,1287,27.9,4.83,4858,38.39,34.30,4.83,8.65,5.34,1.76,0.16,1.39,4.63,0.47,0.17,3.27,8.81,0.252,0.323,0.435,0.758,14.92,0.71,0.41,0.16,0.24,0.16,24.34,4.49,1.334,8.9,0.118,1.139
2018,30,1271,28.1,4.45,4862,38.08,34.03,4.45,8.44,5.42,1.70,0.17,1.15,4.24,0.51,0.20,3.23,8.48,0.248,0.318,0.409,0.728,13.93,0.71,0.40,0.17,0.25,0.19,24.65,4.14,1.304,8.5,0.118,1.133
2017,30,1229,28.3,4.65,4860,38.13,34.07,4.65,8.69,5.54,1.73,0.16,1.26,4.44,0.52,0.19,3.26,8.25,0.255,0.324,0.426,0.750,14.51,0.78,0.36,0.19,0.24,0.20,24.80,4.35,1.342,8.3,0.116,1.187
2016,30,1247,28.4,4.48,4856,38.01,34.09,4.48,8.71,5.67,1.70,0.18,1.16,4.27,0.52,0.21,3.11,8.03,0.255,0.322,0.417,0.739,14.23,0.77,0.34,0.21,0.25,0.19,25.15,4.18,1.325,8.1,0.127,1.239
2015,30,1252,28.4,4.25,4858,37.80,34.07,4.25,8.67,5.77,1.70,0.19,1.01,4.04,0.52,0.22,2.90,7.71,0.254,0.317,0.405,0.721,13.78,0.77,0.33,0.25,0.25,0.20,25.60,3.95,1.294,7.8,0.129,1.25
2014,30,1212,28.5,4.07,4860,37.85,34.08,4.07,8.56,5.86,1.67,0.17,0.86,3.86,0.57,0.21,2.88,7.70,0.251,0.314,0.386,0.700,13.17,0.74,0.34,0.28,0.26,0.20,25.78,3.74,1.275,7.7,0.13,1.206
2013,30,1202,28.5,4.17,4862,38.02,34.16,4.17,8.66,5.85,1.69,0.16,0.96,3.96,0.55,0.21,3.01,7.55,0.253,0.318,0.396,0.714,13.54,0.77,0.32,0.28,0.25,0.21,25.90,3.86,1.300,7.6,0.128,1.198
2012,30,1185,28.5,4.32,4860,37.90,34.00,4.32,8.65,5.74,1.70,0.19,1.02,4.11,0.66,0.23,3.03,7.50,0.255,0.319,0.405,0.724,13.78,0.74,0.31,0.30,0.25,0.22,25.73,4.01,1.309,7.6,0.134,1.226
2011,30,1173,28.7,4.28,4858,38.13,34.11,4.28,8.70,5.85,1.73,0.18,0.94,4.08,0.67,0.26,3.09,7.10,0.255,0.321,0.399,0.720,13.61,0.73,0.32,0.34,0.26,0.25,26.33,3.94,1.316,7.1,0.138,1.176
2010,30,1157,28.9,4.38,4860,38.18,34.02,4.38,8.76,5.88,1.75,0.18,0.95,4.17,0.61,0.23,3.25,7.06,0.257,0.325,0.403,0.728,13.71,0.77,0.32,0.32,0.27,0.25,26.28,4.07,1.347,7.1,0.126,1.18
2009,30,1156,28.9,4.61,4860,38.49,34.13,4.61,8.96,5.92,1.80,0.20,1.04,4.40,0.61,0.23,3.42,6.91,0.262,0.333,0.418,0.751,14.26,0.78,0.33,0.34,0.28,0.24,26.46,4.31,1.390,7.0,0.129,1.115
2008,30,1188,28.8,4.65,4856,38.64,34.33,4.65,9.06,6.02,1.86,0.18,1.00,4.44,0.58,0.21,3.36,6.77,0.264,0.333,0.416,0.749,14.29,0.80,0.34,0.31,0.28,0.27,26.84,4.32,1.391,6.8,0.128,1.184
2007,30,1173,29.1,4.80,4862,38.80,34.51,4.80,9.25,6.15,1.89,0.19,1.02,4.58,0.60,0.21,3.31,6.62,0.268,0.336,0.423,0.758,14.59,0.82,0.36,0.32,0.30,0.27,27.17,4.46,1.406,6.7,0.132,1.136
2006,30,1134,29.2,4.86,4858,38.71,34.45,4.86,9.28,6.09,1.88,0.20,1.11,4.63,0.57,0.23,3.26,6.52,0.269,0.337,0.432,0.768,14.88,0.81,0.37,0.34,0.29,0.29,27.11,4.52,1.408,6.6,0.103,1.137
2005,30,1141,29.2,4.59,4862,38.32,34.21,4.59,9.05,6.02,1.82,0.18,1.03,4.37,0.53,0.22,3.13,6.30,0.264,0.330,0.419,0.749,14.33,0.80,0.37,0.33,0.27,0.25,27.15,4.28,1.369,6.4,0.109,1.153
2004,30,1136,29.3,4.81,4856,38.83,34.46,4.81,9.17,6.03,1.84,0.18,1.12,4.58,0.53,0.23,3.34,6.55,0.266,0.335,0.428,0.763,14.74,0.78,0.38,0.36,0.28,0.28,27.07,4.46,1.400,6.6,0.107,1.171
2003,30,1134,29.2,4.73,4860,38.57,34.31,4.73,9.07,5.99,1.82,0.19,1.07,4.50,0.53,0.23,3.27,6.34,0.264,0.333,0.422,0.755,14.48,0.79,0.38,0.33,0.27,0.27,27.17,4.39,1.383,6.4,0.118,1.181
2002,30,1101,29.2,4.62,4852,38.46,34.13,4.62,8.92,5.90,1.79,0.19,1.04,4.40,0.57,0.26,3.35,6.47,0.261,0.331,0.417,0.748,14.22,0.79,0.36,0.34,0.29,0.30,26.91,4.27,1.376,6.5,0.133,1.154
2001,30,1137,29.2,4.78,4858,38.49,34.22,4.78,9.03,5.91,1.81,0.19,1.12,4.55,0.64,0.29,3.25,6.67,0.264,0.332,0.427,0.759,14.60,0.75,0.39,0.33,0.29,0.28,26.72,4.41,1.379,6.7,0.134,1.129
2000,30,1132,29.1,5.14,4858,39.16,34.44,5.14,9.31,6.11,1.83,0.20,1.17,4.89,0.60,0.27,3.75,6.45,0.270,0.345,0.437,0.782,15.05,0.80,0.32,0.34,0.31,0.25,27.13,4.76,1.468,6.5,0.125,1.133
1999,30,1116,28.9,5.08,4856,39.06,34.42,5.08,9.33,6.20,1.80,0.19,1.14,4.83,0.70,0.31,3.68,6.41,0.271,0.345,0.434,0.778,14.93,0.79,0.33,0.33,0.30,0.23,27.17,4.70,1.463,6.5,0.135,1.135
1998,30,1097,28.9,4.79,4864,38.71,34.36,4.79,9.15,6.13,1.80,0.18,1.04,4.54,0.68,0.31,3.38,6.56,0.266,0.335,0.420,0.755,14.44,0.76,0.33,0.35,0.29,0.22,27.05,4.42,1.403,6.6,0.138,1.155
1997,28,1051,28.9,4.77,4532,38.73,34.30,4.77,9.15,6.17,1.77,0.19,1.02,4.52,0.73,0.35,3.46,6.61,0.267,0.337,0.419,0.756,14.38,0.76,0.32,0.35,0.31,0.26,26.98,4.38,1.412,6.7,0.166,1.174
1996,28,905,28.8,5.04,4534,39.10,34.58,5.04,9.33,6.29,1.76,0.19,1.09,4.76,0.71,0.30,3.55,6.46,0.270,0.340,0.427,0.767,14.76,0.80,0.31,0.34,0.31,0.30,27.34,4.60,1.440,6.5,0.177,1.17
1995,28,901,28.6,4.85,4034,38.85,34.35,4.85,9.17,6.24,1.72,0.20,1.01,4.57,0.73,0.31,3.53,6.30,0.267,0.338,0.417,0.755,14.33,0.78,0.30,0.37,0.29,0.27,27.33,4.45,1.421,6.4,0.162,1.186
1994,28,782,28.7,4.92,3200,38.90,34.46,4.92,9.29,6.25,1.79,0.22,1.03,4.64,0.71,0.32,3.48,6.18,0.270,0.339,0.424,0.763,14.62,0.76,0.27,0.38,0.31,0.32,27.56,4.50,1.430,6.2,0.146,1.151
1993,28,900,28.4,4.60,4538,38.47,34.15,4.60,9.05,6.31,1.64,0.21,0.89,4.32,0.72,0.37,3.33,5.80,0.265,0.332,0.403,0.736,13.77,0.76,0.26,0.40,0.32,0.33,27.78,4.18,1.387,5.8,0.152,1.121
1992,26,806,28.4,4.12,4212,38.12,33.93,4.12,8.68,6.20,1.56,0.20,0.72,3.87,0.77,0.38,3.25,5.59,0.256,0.322,0.377,0.700,12.80,0.74,0.23,0.40,0.31,0.31,27.93,3.74,1.328,5.6,0.156,1.083
1991,26,816,28.4,4.31,4208,38.20,33.98,4.31,8.69,6.14,1.54,0.21,0.80,4.05,0.74,0.37,3.32,5.80,0.256,0.323,0.385,0.708,13.07,0.72,0.22,0.39,0.30,0.29,27.68,3.91,1.338,5.8,0.163,1.155
1990,26,809,28.4,4.26,4210,38.08,33.91,4.26,8.75,6.20,1.55,0.21,0.79,3.99,0.78,0.36,3.29,5.67,0.258,0.325,0.385,0.710,13.07,0.73,0.20,0.37,0.30,0.33,27.75,3.85,1.349,5.7,0.192,1.086
1989,26,797,28.5,4.13,4212,37.99,33.91,4.13,8.62,6.18,1.50,0.21,0.73,3.85,0.74,0.34,3.21,5.61,0.254,0.320,0.375,0.695,12.72,0.73,0.19,0.39,0.29,0.34,27.86,3.70,1.321,5.6,0.183,1.104
1988,26,769,28.3,4.14,4200,37.95,33.94,4.14,8.63,6.15,1.52,0.20,0.76,3.86,0.79,0.34,3.09,5.56,0.254,0.318,0.378,0.696,12.82,0.73,0.22,0.39,0.30,0.33,27.92,3.72,1.307,5.6,0.409,1.119
1987,26,796,28.3,4.72,4210,38.46,34.23,4.72,9.00,6.12,1.61,0.21,1.06,4.44,0.85,0.36,3.42,5.96,0.263,0.331,0.415,0.747,14.22,0.74,0.20,0.35,0.26,0.31,27.47,4.28,1.391,6.0,,1.205
1986,26,771,28.7,4.41,4206,38.24,34.02,4.41,8.77,6.11,1.55,0.20,0.91,4.14,0.79,0.39,3.38,5.87,0.258,0.326,0.395,0.721,13.44,0.74,0.19,0.36,0.28,0.31,27.52,3.96,1.357,5.9,,1.146
1985,26,750,28.8,4.33,4206,38.12,34.02,4.33,8.74,6.12,1.53,0.23,0.86,4.07,0.74,0.34,3.29,5.34,0.257,0.323,0.391,0.714,13.30,0.78,0.17,0.37,0.27,0.32,28.09,3.89,1.344,5.4,,1.187
1984,26,762,28.6,4.26,4210,38.14,34.16,4.26,8.88,6.40,1.48,0.23,0.77,3.99,0.72,0.36,3.16,5.34,0.260,0.323,0.385,0.708,13.14,0.76,0.16,0.34,0.31,0.30,28.36,3.81,1.345,5.4,,1.136
1983,26,782,28.7,4.31,4218,38.08,34.03,4.31,8.88,6.33,1.53,0.24,0.78,4.05,0.79,0.38,3.20,5.15,0.261,0.325,0.389,0.714,13.25,0.78,0.17,0.37,0.30,0.33,28.40,3.86,1.350,5.2,,1.14
1982,26,743,28.7,4.30,4214,38.23,34.21,4.30,8.93,6.40,1.50,0.23,0.80,4.04,0.75,0.38,3.16,5.04,0.261,0.324,0.389,0.713,13.30,0.75,0.16,0.41,0.29,0.31,28.66,3.85,1.345,5.0,,1.186
1981,26,729,28.6,4.00,2788,37.98,33.88,4.00,8.66,6.35,1.43,0.24,0.64,3.75,0.72,0.39,3.18,4.75,0.256,0.320,0.369,0.689,12.49,0.79,0.17,0.45,0.30,0.32,28.79,3.58,1.316,4.7,,1.214
1980,26,760,28.2,4.29,4210,38.29,34.24,4.29,9.06,6.56,1.51,0.26,0.73,4.02,0.78,0.38,3.13,4.80,0.265,0.326,0.388,0.714,13.28,0.80,0.16,0.45,0.31,0.34,29.02,3.83,1.356,4.8,,1.179
1979,26,723,28.0,4.46,4196,38.22,34.03,4.46,9.04,6.44,1.53,0.25,0.82,4.18,0.71,0.38,3.24,4.77,0.265,0.330,0.397,0.727,13.53,0.79,0.18,0.45,0.31,0.33,28.75,3.99,1.374,4.8,,1.15
1978,26,741,27.7,4.10,4204,37.87,33.67,4.10,8.68,6.27,1.47,0.24,0.70,3.83,0.71,0.38,3.23,4.77,0.258,0.323,0.379,0.702,12.75,0.73,0.18,0.47,0.30,0.32,28.50,3.68,1.335,4.8,,1.14
1977,26,738,27.4,4.47,4206,38.41,34.23,4.47,9.04,6.36,1.53,0.28,0.87,4.18,0.72,0.42,3.27,5.16,0.264,0.329,0.401,0.730,13.73,0.75,0.19,0.42,0.29,0.31,28.49,3.99,1.372,5.2,,1.198
1976,24,706,27.6,3.99,3878,38.06,33.92,3.99,8.66,6.48,1.35,0.25,0.58,3.70,0.79,0.40,3.20,4.83,0.255,0.320,0.361,0.681,12.24,0.75,0.18,0.46,0.31,0.30,28.82,3.51,1.317,4.8,,1.141
1975,24,726,27.3,4.21,3868,38.42,33.99,4.21,8.75,6.41,1.41,0.23,0.70,3.92,0.65,0.35,3.46,4.98,0.258,0.327,0.374,0.701,12.71,0.78,0.20,0.48,0.28,0.35,28.59,3.70,1.361,5.0,,1.167
1974,24,741,27.4,4.12,3890,38.27,34.00,4.12,8.73,6.49,1.34,0.22,0.68,3.82,0.64,0.36,3.33,5.01,0.257,0.324,0.369,0.693,12.55,0.79,0.20,0.45,0.28,0.35,28.59,3.62,1.343,5.0,,1.127
1973,24,710,27.7,4.21,3886,38.29,34.06,4.21,8.75,6.41,1.34,0.20,0.80,3.93,0.52,0.31,3.37,5.24,0.257,0.325,0.379,0.704,12.90,0.81,0.19,0.40,0.26,0.35,28.28,3.74,1.351,5.3,,1.186
1972,24,824,27.5,3.69,3718,37.65,33.57,3.69,8.19,6.06,1.25,0.20,0.68,3.43,0.49,0.30,3.15,5.57,0.244,0.311,0.354,0.664,11.88,0.75,0.20,0.47,0.24,0.37,27.56,3.26,1.260,5.6,,1.2
1971,24,828,27.6,3.89,3876,37.85,33.68,3.89,8.40,6.18,1.27,0.21,0.74,3.63,0.46,0.27,3.23,5.41,0.249,0.317,0.365,0.682,12.30,0.80,0.21,0.46,0.25,0.36,27.78,3.46,1.297,5.4,,1.195
1970,24,849,27.6,4.34,3888,38.41,33.99,4.34,8.63,6.16,1.35,0.24,0.88,4.05,0.49,0.28,3.53,5.75,0.254,0.326,0.385,0.711,13.10,0.78,0.21,0.42,0.25,0.38,27.61,3.88,1.356,5.8,,1.172
1969,24,849,27.4,4.07,3892,38.08,33.73,4.07,8.37,6.11,1.24,0.22,0.80,3.77,0.48,0.29,3.45,5.77,0.248,0.320,0.369,0.689,12.46,0.75,0.23,0.43,0.23,0.37,27.39,3.61,1.319,5.8,,1.19
1968,20,676,27.6,3.42,3250,37.18,33.42,3.42,7.91,5.90,1.19,0.21,0.61,3.17,0.47,0.29,2.82,5.89,0.237,0.299,0.340,0.639,11.37,0.68,0.24,0.46,0.23,0.38,27.15,2.98,1.193,5.9,,1.185
1967,20,718,27.4,3.77,3240,37.61,33.71,3.77,8.17,5.96,1.26,0.24,0.71,3.48,0.42,0.29,2.98,5.99,0.242,0.306,0.357,0.664,12.05,0.69,0.23,0.46,0.23,0.40,27.24,3.30,1.238,6.0,,1.22
1966,20,714,27.3,3.99,3230,37.68,33.89,3.99,8.42,6.04,1.28,0.25,0.85,3.71,0.45,0.29,2.89,5.82,0.249,0.310,0.376,0.686,12.75,0.73,0.21,0.45,0.23,0.34,27.45,3.52,1.258,5.8,,1.184
1965,20,702,27.3,3.99,3246,37.82,33.81,3.99,8.30,5.94,1.29,0.24,0.83,3.70,0.45,0.24,3.09,5.94,0.246,0.311,0.372,0.683,12.57,0.73,0.22,0.46,0.24,0.35,27.28,3.50,1.267,5.9,,1.18
1964,20,700,27.4,4.04,3252,37.83,33.97,4.04,8.51,6.12,1.31,0.23,0.85,3.76,0.36,0.22,2.96,5.91,0.250,0.313,0.378,0.690,12.84,0.74,0.21,0.45,0.23,0.31,27.44,3.58,1.280,5.9,,1.192
1963,20,695,27.6,3.95,3238,37.79,33.91,3.95,8.35,6.00,1.27,0.24,0.84,3.68,0.38,0.24,2.96,5.80,0.246,0.309,0.372,0.681,12.61,0.70,0.22,0.45,0.24,0.29,27.51,3.46,1.259,5.8,,1.124
1962,20,702,27.9,4.46,3242,38.43,34.14,4.46,8.80,6.28,1.33,0.26,0.93,4.18,0.42,0.22,3.37,5.42,0.258,0.326,0.393,0.719,13.43,0.77,0.22,0.42,0.26,0.25,28.05,3.96,1.360,5.5,,1.111
1961,18,620,28.0,4.53,2860,38.32,33.93,4.53,8.76,6.16,1.39,0.26,0.95,4.22,0.37,0.21,3.46,5.23,0.258,0.328,0.399,0.727,13.55,0.78,0.20,0.46,0.27,0.26,28.02,4.03,1.374,5.3,,1.096
1960,16,575,28.2,4.31,2472,38.36,33.99,4.31,8.67,6.15,1.39,0.27,0.86,4.03,0.37,0.22,3.39,5.18,0.255,0.324,0.388,0.712,13.18,0.77,0.20,0.48,0.28,0.29,28.23,3.82,1.343,5.2,,1.058
1959,16,571,28.5,4.38,2476,38.27,34.04,4.38,8.74,6.19,1.40,0.24,0.91,4.11,0.34,0.20,3.31,5.09,0.257,0.324,0.392,0.716,13.35,0.74,0.20,0.46,0.25,0.29,28.29,3.90,1.349,5.1,,1.082
1958,16,580,28.4,4.28,2470,38.13,33.94,4.28,8.75,6.20,1.37,0.27,0.91,4.03,0.30,0.21,3.29,4.95,0.258,0.325,0.394,0.719,13.38,0.83,0.20,0.42,0.26,0.27,28.34,3.86,1.349,5.0,,1.059
1957,16,563,28.5,4.31,2470,38.63,34.37,4.31,8.85,6.32,1.37,0.27,0.89,4.06,0.31,0.23,3.31,4.84,0.258,0.324,0.391,0.715,13.45,0.80,0.21,0.45,0.28,0.30,28.92,3.83,1.344,4.8,,1.063
1956,16,552,28.3,4.45,2478,38.45,33.84,4.45,8.74,6.17,1.35,0.29,0.93,4.17,0.29,0.20,3.63,4.64,0.258,0.331,0.397,0.729,13.45,0.80,0.19,0.51,0.26,0.32,28.53,3.96,1.387,4.7,,1.002
1955,16,599,28.3,4.48,2468,38.51,33.87,4.48,8.76,6.26,1.32,0.28,0.90,4.21,0.28,0.22,3.66,4.38,0.259,0.332,0.394,0.726,13.34,0.79,0.21,0.48,0.28,0.29,28.87,4.00,1.393,4.4,,0.985
1954,16,536,28.2,4.38,2472,38.67,33.95,4.38,8.86,6.36,1.40,0.32,0.78,4.11,0.28,0.21,3.65,4.13,0.261,0.333,0.390,0.723,13.25,0.79,0.18,0.54,0.32,0.31,29.36,3.90,1.398,4.2,,0.989
1953,16,534,28.4,4.61,2480,38.49,34.27,4.61,9.06,6.47,1.45,0.30,0.84,4.32,0.27,0.21,3.50,4.12,0.264,0.336,0.397,0.733,13.62,0.82,0.20,0.50,,0.23,29.31,4.14,1.414,4.2,,0.999
1952,16,556,28.6,4.18,2478,38.28,33.98,4.18,8.58,6.25,1.37,0.27,0.69,3.90,0.31,0.25,3.54,4.19,0.253,0.327,0.370,0.696,12.56,0.79,0.19,0.55,,0.28,29.10,3.70,1.353,4.2,,1.02
1951,16,543,28.7,4.55,2478,38.76,34.33,4.55,8.96,6.47,1.45,0.29,0.75,4.25,0.35,0.24,3.73,3.77,0.261,0.336,0.386,0.722,13.23,0.87,0.18,0.50,,0.21,29.81,4.04,1.416,3.8,,0.961
1950,16,530,28.3,4.85,2476,38.97,34.26,4.85,9.11,6.45,1.50,0.32,0.84,4.55,0.26,0.21,4.02,3.86,0.266,0.346,0.402,0.748,13.76,0.90,0.18,0.50,,0.22,29.56,4.36,1.480,3.9,,0.988
1949,16,532,28.5,4.61,2480,38.81,34.02,4.61,8.94,6.49,1.45,0.31,0.69,4.29,0.29,0.25,4.04,3.61,0.263,0.344,0.384,0.728,13.07,0.86,0.15,0.57,,0.21,29.72,4.12,1.459,3.7,,0.984
1948,28,835,28.4,4.63,2900,38.58,34.02,4.63,8.97,6.55,1.48,0.36,0.58,4.26,0.38,0.21,3.79,3.11,0.264,0.340,0.379,0.719,12.90,,0.16,0.58,,0.23,30.33,4.09,1.447,3.9,,1
1947,28,850,28.9,4.51,2980,38.32,33.92,4.51,8.90,6.55,1.43,0.34,0.58,4.14,0.38,0.21,3.64,3.07,0.262,0.337,0.376,0.713,12.76,,0.15,0.59,,0.31,30.27,3.95,1.424,3.9,,0.991
1946,28,953,29.2,4.17,2956,38.20,33.88,4.17,8.70,6.51,1.40,0.33,0.46,3.81,0.39,0.24,3.50,3.28,0.257,0.329,0.359,0.688,12.15,,0.14,0.66,,0.26,30.14,3.59,1.378,4.1,,1.015
1945,28,869,29.7,4.29,2882,38.44,34.28,4.29,8.95,6.83,1.40,0.33,0.39,3.91,0.41,0.24,3.31,2.79,0.261,0.329,0.355,0.684,12.17,,0.15,0.67,,0.28,31.10,3.65,1.380,3.5,,0.978
1944,28,849,29.4,4.27,2906,38.39,34.39,4.27,9.00,6.82,1.45,0.34,0.39,3.91,0.39,0.22,3.14,2.82,0.262,0.326,0.358,0.684,12.31,0.64,0.15,0.69,,0.26,31.18,3.58,1.355,3.5,,0.974
1943,29,829,28.8,4.13,2992,38.25,34.12,4.13,8.73,6.67,1.38,0.34,0.34,3.73,0.45,0.26,3.33,2.86,0.256,0.324,0.346,0.671,11.81,,0.14,0.64,0.00,0.20,30.92,3.51,1.345,3.6,,1.048
1942,28,811,28.1,4.17,2883,38.14,34.03,4.17,8.61,6.51,1.38,0.30,0.42,3.83,0.41,0.25,3.37,2.89,0.253,0.322,0.348,0.670,11.85,,0.12,0.60,,0.22,30.72,3.54,1.344,3.6,,1.017
1941,28,816,27.9,4.52,2927,38.46,34.23,4.52,8.96,6.54,1.54,0.37,0.51,4.14,0.40,0.23,3.47,3.02,0.262,0.332,0.373,0.705,12.76,0.65,0.14,0.60,,0.25,30.70,3.92,1.408,3.8,,1.02
1940,29,833,27.9,4.77,2962,38.48,34.41,4.77,9.20,6.63,1.60,0.38,0.59,4.37,0.43,0.25,3.36,3.06,0.267,0.335,0.388,0.723,13.36,0.62,0.16,0.53,0.00,0.23,30.76,4.21,1.427,3.9,,1.04
1939,30,814,28.1,4.86,2840,38.65,34.33,4.86,9.41,6.86,1.61,0.37,0.57,4.48,0.43,0.23,3.40,2.99,0.274,0.342,0.393,0.734,13.48,,0.12,0.77,,0.21,30.77,4.27,1.449,3.6,,1.018
1938,30,830,28.2,4.96,2936,38.66,34.43,4.96,9.40,6.83,1.60,0.40,0.57,4.60,0.42,0.22,3.45,2.84,0.273,0.342,0.393,0.734,13.51,,0.15,0.62,,0.20,31.02,4.30,1.464,3.7,,1.066
1937,30,824,28.1,5.01,2965,38.64,34.53,5.01,9.55,6.90,1.66,0.43,0.56,4.60,0.45,0.28,3.32,3.04,0.277,0.343,0.398,0.741,13.75,,0.14,0.63,,0.20,30.93,4.34,1.465,3.9,,1.096
1936,23,633,28.4,5.26,2784,39.42,35.21,5.26,10.00,7.27,1.77,0.40,0.56,4.86,0.41,0.26,3.39,2.96,0.284,0.350,0.404,0.754,14.24,,0.17,0.63,,0.20,31.69,4.56,1.509,3.5,,1.07
1935,24,660,28.3,5.04,2830,39.08,35.03,5.04,9.80,7.10,1.74,0.42,0.54,4.66,0.41,0.25,3.20,2.83,0.280,0.343,0.400,0.743,14.00,,0.16,0.68,,0.18,31.66,4.34,1.467,3.4,,1.021
1934,24,652,28.5,4.90,2746,38.78,34.83,4.90,9.69,7.10,1.71,0.36,0.52,4.56,0.39,0.24,3.16,3.07,0.278,0.341,0.393,0.734,13.69,,0.14,0.64,,0.17,31.24,4.26,1.456,3.6,,1.053
1933,25,626,28.5,4.55,2734,38.50,34.66,4.55,9.36,6.92,1.59,0.42,0.43,4.21,0.39,0.28,2.93,2.72,0.270,0.330,0.377,0.707,13.07,,0.15,0.73,,0.13,31.51,3.85,1.381,3.2,,1.081
1932,34,842,27.8,4.85,3049,38.61,34.82,4.85,9.56,6.91,1.73,0.44,0.48,4.43,0.46,0.27,2.96,2.58,0.275,0.334,0.391,0.725,13.61,,0.14,0.67,,0.12,31.76,4.12,1.414,3.4,,1.047
1931,22,637,28.2,4.83,2678,38.80,34.92,4.83,9.66,7.02,1.79,0.43,0.42,4.46,0.46,0.35,3.11,2.95,0.277,0.339,0.389,0.728,13.58,,0.16,0.59,,0.14,31.55,4.13,1.442,3.3,,1.06
1930,25,688,27.9,5.49,3043,38.83,34.74,5.49,10.15,7.21,1.82,0.53,0.59,5.08,0.50,0.26,3.06,2.61,0.292,0.352,0.426,0.778,14.79,,0.14,0.86,,0.09,31.54,4.80,1.501,3.5,,1.101
1929,29,786,28.2,5.33,3391,38.49,34.26,5.33,9.92,7.16,1.75,0.47,0.54,4.90,0.64,0.30,3.24,2.06,0.289,0.354,0.416,0.769,14.24,,0.16,0.80,,0.10,31.66,4.54,1.494,3.2,,1.119
1928,29,783,28.0,4.84,3235,38.34,34.18,4.84,9.61,7.05,1.65,0.46,0.45,4.42,0.59,0.30,2.97,2.19,0.281,0.342,0.395,0.738,13.52,,0.22,0.92,,0.10,31.54,4.07,1.418,3.1,,1.122
1927,31,821,28.0,4.84,3552,37.99,33.88,4.84,9.56,7.10,1.59,0.47,0.40,4.41,0.63,0.33,3.01,1.94,0.282,0.344,0.392,0.736,13.29,,0.17,0.90,,0.09,31.54,4.02,1.422,3.1,,1.126
1926,32,838,28.1,4.83,3419,38.08,33.71,4.83,9.43,6.96,1.61,0.47,0.39,4.37,0.68,0.33,3.15,2.03,0.280,0.346,0.390,0.736,13.15,,0.25,0.94,,0.06,31.29,4.07,1.429,3.1,,1.153
1925,32,848,27.7,5.24,3502,38.52,34.50,5.24,9.94,7.30,1.66,0.48,0.50,4.76,0.68,0.31,3.13,1.90,0.288,0.350,0.407,0.757,14.05,,0.14,0.73,,0.08,32.10,4.56,1.475,3.0,,1.08
1924,33,867,27.5,4.91,3426,38.31,34.31,4.91,9.71,7.30,1.57,0.48,0.36,4.38,0.69,0.36,2.94,1.94,0.283,0.343,0.388,0.732,13.31,,0.22,0.79,,0.09,32.01,4.10,1.424,3.1,,1.091
1923,30,800,27.7,5.02,3299,38.87,34.40,5.02,9.76,7.33,1.55,0.47,0.41,4.48,0.68,0.38,3.01,2.13,0.284,0.346,0.392,0.737,13.47,,0.25,1.16,,,31.86,4.05,1.435,3.1,,1.106
1922,24,654,28.0,5.00,3037,38.83,34.38,5.00,9.84,7.34,1.57,0.50,0.43,4.46,0.67,0.38,2.94,2.29,0.286,0.347,0.399,0.746,13.71,,0.25,1.22,,,31.66,4.15,1.433,3.1,,1.132
1921,24,668,27.8,4.89,3131,38.70,34.37,4.89,9.82,7.38,1.53,0.55,0.36,4.32,0.73,0.42,2.77,2.22,0.286,0.344,0.394,0.737,13.53,,0.27,1.23,,,31.79,3.99,1.410,3.1,,1.125
1920,24,673,27.7,4.39,2982,38.29,33.93,4.39,9.25,7.11,1.41,0.49,0.24,3.78,0.74,0.52,2.81,2.43,0.273,0.333,0.365,0.697,12.37,,0.24,1.25,,,31.26,3.47,1.344,3.2,,1.168
1919,16,479,28.1,3.88,2236,37.61,33.40,3.88,8.78,6.80,1.31,0.47,0.20,3.32,0.93,,2.68,3.06,0.263,0.322,0.348,0.670,11.62,,0.24,1.22,,,30.14,3.07,1.272,3.1,,1.185
1918,16,489,28.1,3.63,2032,37.46,33.13,3.63,8.41,6.71,1.14,0.44,0.12,3.06,0.99,,2.83,2.92,0.254,0.317,0.325,0.642,10.77,,0.23,1.20,,,30.09,2.77,1.239,2.9,,1.204
1917,16,490,27.3,3.59,2494,37.21,32.90,3.59,8.18,6.42,1.17,0.46,0.13,3.04,0.97,,2.77,3.48,0.249,0.311,0.324,0.635,10.66,,0.23,1.23,,,29.29,2.68,1.210,3.5,,1.198
1916,16,527,27.2,3.56,2494,37.15,32.85,3.56,8.13,6.32,1.20,0.46,0.15,3.02,1.10,0.34,2.84,3.82,0.248,0.312,0.326,0.638,10.71,,0.26,1.13,,,28.88,2.72,1.217,3.8,,1.207
1915,24,733,27.3,3.81,3728,37.15,32.65,3.81,8.17,6.31,1.22,0.47,0.17,3.21,1.10,0.55,2.98,3.76,0.250,0.318,0.332,0.650,10.85,,0.27,1.19,,,28.72,2.90,1.248,3.8,,1.207
1914,24,740,27.2,3.87,3758,37.06,32.62,3.87,8.28,6.40,1.23,0.46,0.19,3.25,1.22,0.36,2.97,3.93,0.254,0.321,0.337,0.659,11.01,,0.26,1.11,,,28.50,2.91,1.261,4.0,,1.161
1913,16,582,26.8,4.04,2468,37.28,32.91,4.04,8.52,6.58,1.24,0.51,0.19,3.38,1.32,0.50,2.94,3.76,0.259,0.325,0.345,0.670,11.36,,0.28,1.03,,,28.96,3.07,1.285,3.9,,
1912,16,604,26.8,4.53,2464,37.93,33.30,4.53,8.94,6.85,1.36,0.55,0.18,3.81,1.38,0.54,3.12,3.93,0.269,0.337,0.359,0.695,11.94,,0.29,1.12,,,29.19,3.37,1.355,4.0,,
1911,16,535,27.1,4.51,2474,38.09,33.25,4.51,8.86,6.80,1.32,0.53,0.21,3.77,1.38,,3.17,3.99,0.266,0.336,0.357,0.693,11.87,,0.34,1.17,,,29.05,3.36,1.352,4.0,,
1910,16,508,27.3,3.83,2498,37.31,32.65,3.83,8.14,6.41,1.13,0.46,0.14,3.15,1.31,,2.97,3.87,0.249,0.318,0.326,0.644,10.63,,0.32,1.21,,,28.64,2.77,1.243,3.9,,
1909,16,504,27.6,3.54,2482,36.89,32.48,3.54,7.92,6.35,1.07,0.40,0.10,2.87,1.23,,2.62,3.78,0.244,0.306,0.311,0.618,10.11,,0.31,1.26,,,28.60,2.53,1.184,3.8,,
1908,16,440,28.6,3.38,2488,36.62,32.43,3.38,7.75,6.23,1.01,0.40,0.11,2.74,1.09,,2.36,3.65,0.239,0.297,0.305,0.602,9.89,,0.31,1.30,,,28.67,2.37,1.137,3.7,,
1907,16,419,28.7,3.52,2466,36.64,32.56,3.52,7.99,6.50,1.00,0.39,0.10,2.87,1.13,,2.47,3.58,0.245,0.305,0.309,0.614,10.07,,0.30,1.06,,,28.88,2.50,1.190,3.6,,
1906,16,412,28.6,3.62,2454,36.71,32.62,3.62,8.04,6.45,1.07,0.41,0.11,2.97,1.22,,2.51,3.71,0.247,0.306,0.314,0.621,10.25,,0.30,1.10,,,28.80,2.66,1.196,3.8,,
1905,16,390,28.7,3.89,2474,37.11,33.08,3.89,8.20,6.45,1.16,0.45,0.14,3.21,1.19,,2.50,3.85,0.248,0.307,0.323,0.630,10.68,,0.33,1.01,,,29.09,2.82,1.205,3.9,,
1904,16,364,28.5,3.73,2496,36.67,33.05,3.73,8.16,6.43,1.14,0.46,0.13,3.04,1.11,,2.24,3.73,0.247,0.301,0.321,0.622,10.62,,0.31,0.89,,,29.19,2.66,1.186,3.8,,
1903,16,368,28.4,4.44,2228,37.66,33.86,4.44,8.88,6.85,1.36,0.52,0.15,3.66,1.23,,2.41,3.55,0.262,0.317,0.346,0.664,11.73,,0.33,0.90,,,30.16,3.11,1.284,3.6,,
1902,16,390,28.3,4.44,2230,37.92,34.21,4.44,9.13,7.26,1.27,0.44,0.16,3.70,1.20,,2.44,2.97,0.267,0.322,0.344,0.665,11.75,,0.32,0.82,,,31.08,3.17,1.307,3.0,,
1901,16,371,28.1,4.99,2218,38.47,34.76,4.99,9.45,7.36,1.32,0.56,0.21,4.12,1.29,,2.46,3.15,0.272,0.327,0.360,0.686,12.50,,0.37,0.75,,,31.40,3.49,1.352,3.2,,
1900,8,188,28.5,5.22,1136,38.28,34.45,5.22,9.62,7.61,1.26,0.53,0.22,4.33,1.48,,2.67,2.36,0.279,0.339,0.366,0.705,12.62,,0.45,0.71,,,31.87,3.69,1.408,2.4,,
1899,12,310,28.0,5.25,1842,38.01,34.12,5.25,9.63,7.70,1.19,0.55,0.19,4.34,1.45,,2.70,2.09,0.282,0.343,0.366,0.710,12.50,,0.47,0.72,,,31.84,3.85,1.430,2.2,,
1898,12,299,28.1,4.96,1840,38.02,34.05,4.96,9.21,7.43,1.13,0.49,0.16,4.15,1.12,,2.77,2.30,0.271,0.334,0.347,0.681,11.82,,0.47,0.73,,,31.59,3.60,1.382,2.4,,
1897,12,263,28.1,5.91,1614,39.20,35.11,5.91,10.24,7.97,1.44,0.60,0.23,4.97,1.68,,2.93,2.31,0.292,0.354,0.386,0.740,13.55,,0.46,0.70,,,32.57,4.30,1.518,2.4,,
1896,12,272,28.1,6.04,1584,39.29,35.09,6.04,10.19,7.92,1.37,0.64,0.26,5.08,1.93,,3.06,2.22,0.290,0.354,0.387,0.742,13.59,,0.40,0.73,,,32.61,4.36,1.526,2.3,,
1895,12,284,27.9,6.60,1594,39.88,35.63,6.60,10.56,8.11,1.51,0.63,0.31,5.52,1.82,,3.21,2.27,0.296,0.361,0.400,0.761,14.24,,0.42,0.63,,,33.05,4.77,1.590,2.4,,
1894,12,264,27.8,7.39,1596,40.86,36.08,7.39,11.16,8.24,1.72,0.81,0.39,6.26,1.97,,3.68,2.09,0.309,0.379,0.435,0.814,15.69,,0.38,0.72,,,33.60,5.33,1.712,2.2,,
1893,12,260,27.8,6.57,1570,40.56,36.24,6.57,10.14,7.78,1.40,0.67,0.29,5.45,1.75,,3.91,2.13,0.280,0.356,0.379,0.736,13.75,,0.41,,,,33.82,4.66,1.591,2.2,,
1892,12,265,27.5,5.11,1836,38.46,34.79,5.11,8.52,6.65,1.09,0.55,0.23,4.01,1.74,,3.36,3.25,0.245,0.317,0.328,0.644,11.39,,0.31,,,,31.31,3.28,1.355,3.3,,
1891,17,359,27.3,5.70,2216,39.12,35.05,5.70,8.89,6.87,1.19,0.57,0.26,4.50,1.88,,3.63,3.45,0.254,0.331,0.343,0.674,12.02,,0.44,,,,31.34,3.53,1.426,3.5,,
1890,25,510,27.0,6.02,3218,39.25,35.19,6.02,9.16,7.02,1.31,0.59,0.24,4.58,2.14,,3.64,2.05,0.260,0.337,0.351,0.688,12.36,,0.42,,,,32.90,3.88,1.461,3.5,,
1889,16,322,26.8,5.97,2176,38.86,35.15,5.97,9.27,7.07,1.39,0.50,0.31,4.70,2.21,,3.36,3.52,0.264,0.334,0.358,0.692,12.57,,0.35,,,,31.32,3.93,1.442,3.6,,
1888,16,332,26.8,4.88,2180,37.15,34.61,4.88,8.26,6.42,1.12,0.48,0.24,3.69,2.41,,2.17,3.77,0.239,0.291,0.320,0.611,11.07,,0.38,,,,30.60,2.95,1.180,3.8,,
1887,16,316,26.7,6.35,2112,38.61,35.39,6.35,9.58,7.17,1.46,0.66,0.29,4.92,3.00,,2.87,2.80,0.271,0.332,0.374,0.705,13.23,,0.35,,,,32.30,4.17,1.430,2.9,,
1886,16,325,26.8,5.49,2098,37.55,34.76,5.49,8.57,6.54,1.28,0.55,0.20,3.93,1.55,,2.65,2.02,0.246,0.303,0.332,0.634,11.54,,0.15,,,,32.54,3.37,1.288,4.5,,
1885,16,321,26.7,5.22,1780,37.41,35.24,5.22,8.60,6.65,1.23,0.54,0.18,3.64,,,1.98,1.87,0.244,0.288,0.325,0.613,11.46,,0.19,,,,33.19,3.03,1.198,3.8,,
1884,33,640,25.5,5.45,3074,37.32,35.56,5.45,8.65,6.62,1.31,0.50,0.22,,,,1.61,1.41,0.243,0.279,0.327,0.606,11.63,,0.15,,,,33.93,3.11,1.170,5.0,,
1883,16,258,26.4,5.75,1570,38.21,36.73,5.75,9.44,7.11,1.58,0.60,0.15,,,,1.48,1.83,0.257,0.286,0.345,0.631,12.69,,,,,,34.75,3.22,1.236,3.4,,
1882,14,229,25.8,5.33,1142,37.84,36.45,5.33,9.05,6.92,1.42,0.55,0.16,,,,1.39,1.89,0.248,0.276,0.330,0.606,12.02,,,,,,34.40,2.80,1.175,3.0,,
1881,8,120,25.7,5.10,672,37.81,36.28,5.10,9.43,7.28,1.59,0.45,0.11,3.70,,,1.54,2.65,0.260,0.290,0.338,0.628,12.27,,,,,,33.52,2.77,1.230,2.7,,
1880,8,127,24.8,4.69,680,36.83,35.74,4.69,8.74,6.73,1.44,0.48,0.09,3.27,,,1.09,2.93,0.245,0.267,0.320,0.587,11.42,,,,,,32.72,2.37,1.108,3.0,,
1879,8,119,24.7,5.31,642,38.42,37.62,5.31,9.61,7.54,1.49,0.49,0.09,3.67,,,0.79,2.87,0.255,0.271,0.329,0.599,12.36,,,,,,34.66,2.50,1.152,2.9,,
1878,6,77,24.7,5.17,368,38.07,37.08,5.17,9.62,7.89,1.31,0.36,0.06,3.62,,,0.99,2.94,0.259,0.279,0.319,0.598,11.83,,,,,,34.08,2.30,1.174,2.9,,
1877,6,92,25.9,5.67,360,38.92,37.96,5.67,10.29,8.45,1.20,0.57,0.07,3.92,,,0.96,2.02,0.271,0.289,0.338,0.627,12.82,,,,,,35.87,2.81,1.250,2.0,,
1876,8,121,25.3,5.90,520,39.34,38.69,5.90,10.27,8.62,1.22,0.35,0.08,3.82,,,0.65,1.13,0.265,0.277,0.321,0.598,12.41,,,,,,37.48,2.31,1.197,1.1,,
1875,13,188,24.7,6.14,690,39.25,38.89,6.14,9.87,8.19,1.22,0.40,0.06,3.93,0.91,0.46,0.36,0.98,0.254,0.261,0.310,0.571,12.05,0.21,,,,,37.85,2.23,1.141,1.0,,
1874,8,120,25.0,7.48,464,41.69,41.17,7.48,11.26,9.38,1.37,0.42,0.09,4.85,0.52,0.21,0.51,0.77,0.273,0.282,0.333,0.616,13.72,0.23,,,,,40.31,2.19,1.310,0.8,,
1873,9,122,24.0,8.99,398,43.45,42.61,8.99,12.38,10.30,1.43,0.53,0.12,5.86,0.79,0.33,0.84,0.70,0.290,0.304,0.357,0.661,15.22,0.31,,,,,41.79,3.40,1.468,0.7,,
1872,11,143,23.5,9.26,366,43.52,42.80,9.26,12.20,10.11,1.59,0.40,0.10,5.83,0.73,0.37,0.72,0.72,0.285,0.297,0.348,0.645,14.89,0.27,,,,,41.98,3.65,1.439,0.7,,
1871,9,115,23.8,10.47,254,44.15,42.61,10.47,12.21,9.37,1.71,0.94,0.19,7.02,1.74,0.48,1.55,0.69,0.287,0.312,0.384,0.695,16.35,0.29,,,,,41.73,4.22,1.553,0.7,,